{
  "Models": ["MAPR", "DGN (k = 0, Map_0)", "Sel_GCN (k = 5, Map_0)"],
  "Evaluation Duration (s)": [5.578487396240234, 6869.68235373497, 3546.325671195984],
  "System Memory (MiB)": [2613.153846153846, 2083.266666666667, 1441.6619047619047],
  "CPU (%)": [3.446153846153846, 4.207619047619048, 2.1476190476190475],
  "GPU Memory (MiB)": [84.92307692307692, 2435.4761904761904, 2436.095238095238]
}